,AC_Type,avg_delay
0,330,6.235202020202021
1,737,5.551088222122705
