,AC_Type,avg_delay
0,330,6.699474313022701
1,333,162.5381389578164
2,737,30.719988125865825
3,77W,4.7350146627565985
4,AT7,6.793850806451613
