,AC_Type,avg_delay
0,330,6.5077971646673936
1,333,154.41470802919707
2,737,30.690608294930872
3,738,5.603199774266366
4,73H,4.623536404160475
5,77W,4.728991097922849
6,AT7,6.118227990970655
