,AC_Type,avg_delay
0,330,6.335514018691589
1,340,5.558084112149533
2,733,4.493457943925233
3,738,5.290046728971962
4,73H,5.611121495327103
5,77H,4.170081300813008
6,AT7,4.795
