,AC_Type,avg_delay
0,330,24.31831541218638
1,333,30.068064516129034
2,737,17.8992895309717
3,77W,27.604574780058652
4,AT7,30.193971774193546
