,Airline,avg_delay
0,AF,30.87629588431591
1,AH,26.520967741935483
2,AZ,29.4363082437276
3,LH,26.25429435483871
4,TK,30.92548387096774
5,TO,115.49947890818859
