,Airline,avg_delay
0,AF,5.684493882091212
1,AH,29.650022332506204
2,AZ,4.677347670250896
3,LH,6.003608870967742
4,TK,6.307661290322581
5,TO,31.207320099255583
