,Airline,avg_delay
0,5O,24.068706896551724
1,AF,5.472593010146561
2,AH,20.23104983780596
3,AZ,7.3314545454545454
4,LH,14.381164453524004
5,TK,30.946489795918367
6,TO,54.96209068010076
