,month,avg_delay
0,6,28.017290969899665
1,7,26.152199036918137
2,8,25.93549593495935
3,9,26.639983416252072
4,10,27.35800643086817
5,11,27.249882352941178
6,12,27.212953451043337
