,Day_Of_Week,avg_delay
0,1,28.09141129032258
1,2,36.265946236559145
2,3,28.77911290322581
3,4,33.87363377609108
4,5,32.07791705069125
5,6,32.972429435483875
6,7,34.35280397022333
