,month,avg_delay
0,6,19.458879837067208
1,7,19.595701754385964
2,8,19.077930693069305
3,9,19.175540950455005
4,10,19.291593352883673
5,11,18.89916155419223
6,12,18.868775710088148
