,month,avg_delay
0,4,19.8
1,5,20.791126346718904
2,6,20.817739307535643
3,7,20.51093567251462
4,8,20.72409900990099
5,9,20.615005055611732
6,10,20.755698924731185
7,11,20.489672801635994
