,Day_Of_Week,avg_delay
0,1,15.645283333333333
1,2,28.845701754385964
2,3,26.965463709677422
3,4,31.942375366568918
4,5,15.564992319508448
5,6,28.181
6,7,40.38122727272727
