,month,avg_delay
0,4,33.53673267326733
1,5,32.976611165524
2,6,32.80188391038697
3,7,32.92046783625731
4,8,32.64037623762376
5,9,32.33654196157735
6,10,31.927145650048878
7,11,31.35945807770961
