,Day_Of_Week,avg_delay
0,1,21.958941532258066
1,2,20.84
2,3,21.26577188940092
3,4,20.721129032258066
4,5,19.1306267281106
5,6,19.206370967741936
6,7,21.533217535153018
