,Day_Of_Week,avg_delay
0,1,17.36271875
1,2,19.655
2,3,11.892914746543777
3,4,19.596660341555978
4,5,17.556801843317974
5,6,21.964173387096775
6,7,24.5791452991453
